TIME,LATITUDE,LONGITUDE,TYPE,NR-TAC,NR-PCI,NR-CI,NR-ARFCN,CSI-RSRP,CSI-RSRQ,CSI-SINR,SS-RSRP,SS-RSRQ,SS-SINR,TAC,PCI,ECI,EARFCN,BAND_WIDTH,RSSI,RSRP,RSRQ,SINR,CQI,LAC,CI,RXLEV,ARFCN,BSIC,PSC,UARFCN,NID,BID,SID,CDMADBM,CDMAECIO,EVDODBM,EVDOECIO,EVDOSNR
20230113 17:22:21.304,31.025191,121.431523,LTE,,,,,,,,,,,6234,223,25693452,38400,20000,,-91,-6,19.2,,,,,,,,,,,,,,,,
20230113 17:22:21.592,31.025191,121.431523,LTE,,,,,,,,,,,6234,223,25693452,38400,20000,,-91,-6,19.2,,,,,,,,,,,,,,,,
20230113 17:22:22.283,31.025192,121.431529,LTE,,,,,,,,,,,6234,223,25693452,38400,20000,,-91,-6,19.2,,,,,,,,,,,,,,,,
20230113 17:22:22.636,31.025192,121.431529,LTE,,,,,,,,,,,6234,223,25693452,38400,20000,,-88,-6,19.2,,,,,,,,,,,,,,,,
20230113 17:22:23.283,31.025197,121.431532,LTE,,,,,,,,,,,6234,223,25693452,38400,20000,,-88,-6,19.2,,,,,,,,,,,,,,,,
20230113 17:22:24.274,31.025201,121.431542,LTE,,,,,,,,,,,6234,223,25693452,38400,20000,,-88,-6,19.2,,,,,,,,,,,,,,,,
20230113 17:22:24.803,31.025201,121.431542,LTE,,,,,,,,,,,6234,223,25693452,38400,20000,,-89,-7,19.2,,,,,,,,,,,,,,,,
20230113 17:22:25.284,31.025204,121.431556,LTE,,,,,,,,,,,6234,223,25693452,38400,20000,,-89,-7,19.2,,,,,,,,,,,,,,,,
20230113 17:22:26.290,31.025206,121.431568,LTE,,,,,,,,,,,6234,223,25693452,38400,20000,,-89,-7,19.2,,,,,,,,,,,,,,,,
20230113 17:22:26.963,31.025206,121.431568,LTE,,,,,,,,,,,6234,223,25693452,38400,20000,,-90,-6,19.2,,,,,,,,,,,,,,,,
20230113 17:22:27.307,31.025209,121.431581,LTE,,,,,,,,,,,6234,223,25693452,38400,20000,,-90,-6,19.2,,,,,,,,,,,,,,,,
20230113 17:22:28.290,31.025214,121.431595,LTE,,,,,,,,,,,6234,223,25693452,38400,20000,,-90,-6,19.2,,,,,,,,,,,,,,,,
20230113 17:22:29.115,31.025214,121.431595,LTE,,,,,,,,,,,6234,223,25693452,38400,20000,,-88,-6,19.2,,,,,,,,,,,,,,,,
20230113 17:22:29.274,31.025221,121.431609,LTE,,,,,,,,,,,6234,223,25693452,38400,20000,,-88,-6,19.2,,,,,,,,,,,,,,,,
20230113 17:22:30.295,31.025228,121.431625,LTE,,,,,,,,,,,6234,223,25693452,38400,20000,,-88,-6,19.2,,,,,,,,,,,,,,,,
20230113 17:22:30.969,31.025228,121.431625,LTE,,,,,,,,,,,6234,223,25693452,38400,20000,,-78,-7,19.2,,,,,,,,,,,,,,,,
20230113 17:22:31.260,31.025228,121.431625,LTE,,,,,,,,,,,6234,223,25693452,38400,20000,,-88,-6,19.2,,,,,,,,,,,,,,,,
20230113 17:22:31.314,31.025236,121.431639,LTE,,,,,,,,,,,6234,223,25693452,38400,20000,,-88,-6,19.2,,,,,,,,,,,,,,,,
20230113 17:22:32.364,31.025243,121.431654,LTE,,,,,,,,,,,6234,223,25693452,38400,20000,,-88,-6,19.2,,,,,,,,,,,,,,,,
20230113 17:22:33.279,31.02525,121.431668,LTE,,,,,,,,,,,6234,223,25693452,38400,20000,,-88,-6,19.2,,,,,,,,,,,,,,,,
20230113 17:22:33.327,31.02525,121.431668,LTE,,,,,,,,,,,6234,223,25693452,38400,20000,,-90,-7,19.2,,,,,,,,,,,,,,,,
20230113 17:22:34.284,31.025255,121.431681,LTE,,,,,,,,,,,6234,223,25693452,38400,20000,,-90,-7,19.2,,,,,,,,,,,,,,,,
20230113 17:22:35.274,31.025262,121.431692,LTE,,,,,,,,,,,6234,223,25693452,38400,20000,,-90,-7,19.2,,,,,,,,,,,,,,,,
20230113 17:22:35.557,31.025262,121.431692,LTE,,,,,,,,,,,6234,223,25693452,38400,20000,,-92,-7,19.2,,,,,,,,,,,,,,,,
20230113 17:22:36.318,31.025266,121.431702,LTE,,,,,,,,,,,6234,223,25693452,38400,20000,,-92,-7,19.2,,,,,,,,,,,,,,,,
20230113 17:22:36.990,31.025266,121.431702,LTE,,,,,,,,,,,6234,223,25693452,38400,20000,,-81,-7,19.2,,,,,,,,,,,,,,,,
20230113 17:22:37.284,31.025271,121.431715,LTE,,,,,,,,,,,6234,223,25693452,38400,20000,,-81,-7,19.2,,,,,,,,,,,,,,,,
20230113 17:22:37.692,31.025271,121.431715,LTE,,,,,,,,,,,6234,223,25693452,38400,20000,,-90,-6,19.2,,,,,,,,,,,,,,,,
20230113 17:22:38.307,31.025275,121.431727,LTE,,,,,,,,,,,6234,223,25693452,38400,20000,,-90,-6,19.2,,,,,,,,,,,,,,,,
20230113 17:22:39.299,31.025279,121.43174,LTE,,,,,,,,,,,6234,223,25693452,38400,20000,,-90,-6,19.2,,,,,,,,,,,,,,,,
20230113 17:22:39.834,31.025279,121.43174,LTE,,,,,,,,,,,6234,223,25693452,38400,20000,,-91,-7,19.2,,,,,,,,,,,,,,,,
20230113 17:22:40.315,31.025282,121.431756,LTE,,,,,,,,,,,6234,223,25693452,38400,20000,,-91,-7,19.2,,,,,,,,,,,,,,,,
20230113 17:22:41.292,31.025283,121.43177,LTE,,,,,,,,,,,6234,223,25693452,38400,20000,,-91,-7,19.2,,,,,,,,,,,,,,,,
20230113 17:22:42.043,31.025283,121.43177,LTE,,,,,,,,,,,6234,223,25693452,38400,20000,,-94,-7,19.2,,,,,,,,,,,,,,,,
20230113 17:22:42.283,31.025285,121.431784,LTE,,,,,,,,,,,6234,223,25693452,38400,20000,,-94,-7,19.2,,,,,,,,,,,,,,,,
20230113 17:22:43.282,31.025289,121.431798,LTE,,,,,,,,,,,6234,223,25693452,38400,20000,,-94,-7,19.2,,,,,,,,,,,,,,,,
20230113 17:22:44.226,31.025289,121.431798,LTE,,,,,,,,,,,6234,223,25693452,38400,20000,,-90,-7,19.2,,,,,,,,,,,,,,,,
20230113 17:22:44.276,31.025293,121.431811,LTE,,,,,,,,,,,6234,223,25693452,38400,20000,,-90,-7,19.2,,,,,,,,,,,,,,,,
20230113 17:22:45.321,31.025293,121.431811,LTE,,,,,,,,,,,6234,223,25693452,38400,20000,,-90,-7,19.2,,,,,,,,,,,,,,,,
20230113 17:22:45.322,31.025296,121.431825,LTE,,,,,,,,,,,6234,223,25693452,38400,20000,,-90,-7,19.2,,,,,,,,,,,,,,,,
20230113 17:22:46.284,31.025298,121.43184,LTE,,,,,,,,,,,6234,223,25693452,38400,20000,,-90,-7,19.2,,,,,,,,,,,,,,,,
20230113 17:22:46.391,31.025298,121.43184,LTE,,,,,,,,,,,6234,223,25693452,38400,20000,,-90,-6,19.2,,,,,,,,,,,,,,,,
20230113 17:22:47.285,31.025301,121.431853,LTE,,,,,,,,,,,6234,223,25693452,38400,20000,,-90,-6,19.2,,,,,,,,,,,,,,,,
20230113 17:22:48.276,31.025303,121.431867,LTE,,,,,,,,,,,6234,223,25693452,38400,20000,,-90,-6,19.2,,,,,,,,,,,,,,,,
20230113 17:22:48.563,31.025303,121.431867,LTE,,,,,,,,,,,6234,223,25693452,38400,20000,,-91,-6,19.2,,,,,,,,,,,,,,,,
20230113 17:22:49.289,31.025307,121.431882,LTE,,,,,,,,,,,6234,223,25693452,38400,20000,,-91,-6,19.2,,,,,,,,,,,,,,,,
20230113 17:22:50.282,31.025311,121.431897,LTE,,,,,,,,,,,6234,223,25693452,38400,20000,,-91,-6,19.2,,,,,,,,,,,,,,,,
20230113 17:22:50.721,31.025311,121.431897,LTE,,,,,,,,,,,6234,223,25693452,38400,20000,,-90,-7,19.2,,,,,,,,,,,,,,,,
20230113 17:22:51.285,31.025315,121.43191,LTE,,,,,,,,,,,6234,223,25693452,38400,20000,,-90,-7,19.2,,,,,,,,,,,,,,,,
20230113 17:22:52.290,31.025319,121.431924,LTE,,,,,,,,,,,6234,223,25693452,38400,20000,,-90,-7,19.2,,,,,,,,,,,,,,,,
20230113 17:22:52.909,31.025319,121.431924,LTE,,,,,,,,,,,6234,223,25693452,38400,20000,,-92,-6,19.2,,,,,,,,,,,,,,,,
20230113 17:22:53.293,31.025323,121.431936,LTE,,,,,,,,,,,6234,223,25693452,38400,20000,,-92,-6,19.2,,,,,,,,,,,,,,,,
20230113 17:22:54.270,31.025326,121.431949,LTE,,,,,,,,,,,6234,223,25693452,38400,20000,,-92,-6,19.2,,,,,,,,,,,,,,,,
20230113 17:22:55.043,31.025326,121.431949,LTE,,,,,,,,,,,6234,223,25693452,38400,20000,,-86,-7,19.2,,,,,,,,,,,,,,,,
20230113 17:22:55.072,31.025326,121.431949,LTE,,,,,,,,,,,6234,223,25693452,38400,20000,,-96,-7,19.2,,,,,,,,,,,,,,,,
20230113 17:22:55.287,31.02533,121.431962,LTE,,,,,,,,,,,6234,223,25693452,38400,20000,,-96,-7,19.2,,,,,,,,,,,,,,,,
20230113 17:22:56.295,31.025334,121.431976,LTE,,,,,,,,,,,6234,223,25693452,38400,20000,,-96,-7,19.2,,,,,,,,,,,,,,,,
20230113 17:22:57.281,31.025334,121.431976,LTE,,,,,,,,,,,6234,223,25693452,38400,20000,,-100,-7,19.2,,,,,,,,,,,,,,,,
20230113 17:22:57.282,31.025338,121.43199,LTE,,,,,,,,,,,6234,223,25693452,38400,20000,,-100,-7,19.2,,,,,,,,,,,,,,,,
20230113 17:22:58.321,31.025338,121.43199,LTE,,,,,,,,,,,6234,223,25693452,38400,20000,,-100,-7,19.2,,,,,,,,,,,,,,,,
20230113 17:22:58.357,31.025343,121.432006,LTE,,,,,,,,,,,6234,223,25693452,38400,20000,,-100,-7,19.2,,,,,,,,,,,,,,,,
20230113 17:22:59.270,31.025349,121.432021,LTE,,,,,,,,,,,6234,223,25693452,38400,20000,,-100,-7,19.2,,,,,,,,,,,,,,,,
20230113 17:22:59.531,31.025349,121.432021,LTE,,,,,,,,,,,6234,66,14115665,1300,20000,,-101,-10,19.2,,,,,,,,,,,,,,,,
20230113 17:23:00.275,31.025354,121.432035,LTE,,,,,,,,,,,6234,66,14115665,1300,20000,,-101,-10,19.2,,,,,,,,,,,,,,,,
20230113 17:23:00.996,31.025354,121.432035,LTE,,,,,,,,,,,6234,66,14115665,1300,20000,,-88,-7,19.2,,,,,,,,,,,,,,,,
20230113 17:23:01.356,31.025359,121.432049,LTE,,,,,,,,,,,6234,66,14115665,1300,20000,,-88,-7,19.2,,,,,,,,,,,,,,,,
20230113 17:23:01.783,31.025359,121.432049,LTE,,,,,,,,,,,6234,17,15186016,3590,10000,,-95,-6,19.2,,,,,,,,,,,,,,,,
20230113 17:23:02.291,31.025364,121.432065,LTE,,,,,,,,,,,6234,17,15186016,3590,10000,,-95,-6,19.2,,,,,,,,,,,,,,,,
20230113 17:23:03.266,31.025368,121.432077,LTE,,,,,,,,,,,6234,17,15186016,3590,10000,,-95,-6,19.2,,,,,,,,,,,,,,,,
20230113 17:23:03.937,31.025368,121.432077,LTE,,,,,,,,,,,6234,17,15186016,3590,10000,,-94,-12,19.2,,,,,,,,,,,,,,,,
20230113 17:23:04.296,31.02537,121.432089,LTE,,,,,,,,,,,6234,17,15186016,3590,10000,,-94,-12,19.2,,,,,,,,,,,,,,,,
20230113 17:23:05.313,31.025372,121.432099,LTE,,,,,,,,,,,6234,17,15186016,3590,10000,,-94,-12,19.2,,,,,,,,,,,,,,,,
20230113 17:23:06.122,31.025372,121.432099,LTE,,,,,,,,,,,6234,17,15186016,3590,10000,,-93,-9,19.2,,,,,,,,,,,,,,,,
20230113 17:23:06.343,31.025367,121.432111,LTE,,,,,,,,,,,6234,17,15186016,3590,10000,,-93,-9,19.2,,,,,,,,,,,,,,,,
20230113 17:23:07.272,31.025361,121.43212,LTE,,,,,,,,,,,6234,17,15186016,3590,10000,,-93,-9,19.2,,,,,,,,,,,,,,,,
20230113 17:23:07.994,31.025361,121.43212,LTE,,,,,,,,,,,6234,17,15186016,3590,10000,,-88,-13,19.2,,,,,,,,,,,,,,,,
20230113 17:23:08.310,31.025353,121.432128,LTE,,,,,,,,,,,6234,17,15186016,3590,10000,,-88,-13,19.2,,,,,,,,,,,,,,,,
20230113 17:23:08.311,31.025353,121.432128,LTE,,,,,,,,,,,6234,17,15186016,3590,10000,,-93,-7,19.2,,,,,,,,,,,,,,,,
20230113 17:23:09.332,31.025343,121.432135,LTE,,,,,,,,,,,6234,17,15186016,3590,10000,,-93,-7,19.2,,,,,,,,,,,,,,,,
20230113 17:23:10.279,31.025332,121.432142,LTE,,,,,,,,,,,6234,17,15186016,3590,10000,,-93,-7,19.2,,,,,,,,,,,,,,,,
20230113 17:23:10.430,31.025332,121.432142,LTE,,,,,,,,,,,6234,17,15186016,3590,10000,,-92,-8,19.2,,,,,,,,,,,,,,,,
20230113 17:23:11.345,31.025319,121.432146,LTE,,,,,,,,,,,6234,17,15186016,3590,10000,,-92,-8,19.2,,,,,,,,,,,,,,,,
20230113 17:23:12.315,31.025306,121.432149,LTE,,,,,,,,,,,6234,17,15186016,3590,10000,,-92,-8,19.2,,,,,,,,,,,,,,,,
20230113 17:23:12.502,31.025306,121.432149,LTE,,,,,,,,,,,6234,17,15186016,3590,10000,,-95,-7,19.2,,,,,,,,,,,,,,,,
20230113 17:23:13.298,31.025293,121.432151,LTE,,,,,,,,,,,6234,17,15186016,3590,10000,,-95,-7,19.2,,,,,,,,,,,,,,,,
20230113 17:23:13.994,31.025293,121.432151,LTE,,,,,,,,,,,6234,17,15186016,3590,10000,,-89,-13,19.2,,,,,,,,,,,,,,,,
20230113 17:23:14.276,31.025281,121.432155,LTE,,,,,,,,,,,6234,17,15186016,3590,10000,,-89,-13,19.2,,,,,,,,,,,,,,,,
20230113 17:23:14.855,31.025281,121.432155,LTE,,,,,,,,,,,6234,17,15186016,3590,10000,,-93,-7,19.2,,,,,,,,,,,,,,,,
20230113 17:23:15.318,31.02527,121.432159,LTE,,,,,,,,,,,6234,17,15186016,3590,10000,,-93,-7,19.2,,,,,,,,,,,,,,,,
20230113 17:23:16.284,31.02526,121.432162,LTE,,,,,,,,,,,6234,17,15186016,3590,10000,,-93,-7,19.2,,,,,,,,,,,,,,,,
20230113 17:23:17.074,31.02526,121.432162,LTE,,,,,,,,,,,6234,17,15186016,3590,10000,,-92,-7,19.2,,,,,,,,,,,,,,,,
20230113 17:23:17.299,31.02525,121.432161,LTE,,,,,,,,,,,6234,17,15186016,3590,10000,,-92,-7,19.2,,,,,,,,,,,,,,,,
20230113 17:23:18.294,31.025239,121.43216,LTE,,,,,,,,,,,6234,17,15186016,3590,10000,,-92,-7,19.2,,,,,,,,,,,,,,,,
20230113 17:23:19.301,31.025239,121.43216,LTE,,,,,,,,,,,6234,410,217313361,1300,20000,,-100,-13,19.2,,,,,,,,,,,,,,,,
20230113 17:23:19.303,31.025227,121.432166,LTE,,,,,,,,,,,6234,410,217313361,1300,20000,,-100,-13,19.2,,,,,,,,,,,,,,,,
20230113 17:23:20.326,31.025227,121.432166,LTE,,,,,,,,,,,6234,410,217313361,1300,20000,,-100,-13,19.2,,,,,,,,,,,,,,,,
20230113 17:23:20.364,31.025215,121.432172,LTE,,,,,,,,,,,6234,410,217313361,1300,20000,,-100,-13,19.2,,,,,,,,,,,,,,,,
20230113 17:23:21.270,31.025204,121.432178,LTE,,,,,,,,,,,6234,410,217313361,1300,20000,,-100,-13,19.2,,,,,,,,,,,,,,,,
20230113 17:23:21.577,31.025204,121.432178,LTE,,,,,,,,,,,6234,410,217313361,1300,20000,,-101,-10,19.2,,,,,,,,,,,,,,,,
20230113 17:23:22.309,31.025193,121.432184,LTE,,,,,,,,,,,6234,410,217313361,1300,20000,,-101,-10,19.2,,,,,,,,,,,,,,,,
20230113 17:23:23.292,31.02518,121.432191,LTE,,,,,,,,,,,6234,410,217313361,1300,20000,,-101,-10,19.2,,,,,,,,,,,,,,,,
20230113 17:23:23.781,31.02518,121.432191,LTE,,,,,,,,,,,6234,410,217313361,1300,20000,,-100,-13,19.2,,,,,,,,,,,,,,,,
20230113 17:23:24.277,31.02517,121.432199,LTE,,,,,,,,,,,6234,410,217313361,1300,20000,,-100,-13,19.2,,,,,,,,,,,,,,,,
20230113 17:23:25.272,31.025158,121.432204,LTE,,,,,,,,,,,6234,410,217313361,1300,20000,,-100,-13,19.2,,,,,,,,,,,,,,,,
20230113 17:23:25.981,31.025158,121.432204,LTE,,,,,,,,,,,6234,410,217313361,1300,20000,,-92,-13,19.2,,,,,,,,,,,,,,,,
20230113 17:23:26.205,31.025158,121.432204,LTE,,,,,,,,,,,6234,410,217313361,1300,20000,,-100,-13,19.2,,,,,,,,,,,,,,,,
20230113 17:23:26.305,31.025146,121.432211,LTE,,,,,,,,,,,6234,410,217313361,1300,20000,,-100,-13,19.2,,,,,,,,,,,,,,,,
20230113 17:23:27.287,31.025135,121.432219,LTE,,,,,,,,,,,6234,410,217313361,1300,20000,,-100,-13,19.2,,,,,,,,,,,,,,,,
20230113 17:23:28.199,31.025135,121.432219,LTE,,,,,,,,,,,6234,410,217313361,1300,20000,,-99,-12,19.2,,,,,,,,,,,,,,,,
20230113 17:23:28.337,31.025123,121.432225,LTE,,,,,,,,,,,6234,410,217313361,1300,20000,,-99,-12,19.2,,,,,,,,,,,,,,,,
20230113 17:23:29.321,31.025113,121.432238,LTE,,,,,,,,,,,6234,410,217313361,1300,20000,,-99,-12,19.2,,,,,,,,,,,,,,,,
20230113 17:23:30.280,31.025103,121.432247,LTE,,,,,,,,,,,6234,410,217313361,1300,20000,,-99,-12,19.2,,,,,,,,,,,,,,,,
20230113 17:23:31.276,31.025091,121.432253,LTE,,,,,,,,,,,6234,410,217313361,1300,20000,,-99,-12,19.2,,,,,,,,,,,,,,,,
20230113 17:23:32.293,31.025079,121.432258,LTE,,,,,,,,,,,6234,410,217313361,1300,20000,,-99,-12,19.2,,,,,,,,,,,,,,,,
20230113 17:23:32.355,31.025079,121.432258,LTE,,,,,,,,,,,6234,410,217313361,1300,20000,,-98,-12,19.2,,,,,,,,,,,,,,,,
20230113 17:23:33.294,31.025067,121.432263,LTE,,,,,,,,,,,6234,410,217313361,1300,20000,,-98,-12,19.2,,,,,,,,,,,,,,,,
20230113 17:23:34.281,31.025057,121.432271,LTE,,,,,,,,,,,6234,410,217313361,1300,20000,,-98,-12,19.2,,,,,,,,,,,,,,,,
20230113 17:23:34.597,31.025057,121.432271,LTE,,,,,,,,,,,6234,410,217313361,1300,20000,,-97,-12,19.2,,,,,,,,,,,,,,,,
20230113 17:23:35.290,31.025047,121.43228,LTE,,,,,,,,,,,6234,410,217313361,1300,20000,,-97,-12,19.2,,,,,,,,,,,,,,,,
20230113 17:23:36.276,31.025033,121.432284,LTE,,,,,,,,,,,6234,410,217313361,1300,20000,,-97,-12,19.2,,,,,,,,,,,,,,,,
20230113 17:23:36.741,31.025033,121.432284,LTE,,,,,,,,,,,6234,410,217313361,1300,20000,,-95,-11,19.2,,,,,,,,,,,,,,,,
20230113 17:23:37.294,31.02502,121.432289,LTE,,,,,,,,,,,6234,410,217313361,1300,20000,,-95,-11,19.2,,,,,,,,,,,,,,,,
20230113 17:23:38.316,31.025008,121.432293,LTE,,,,,,,,,,,6234,410,217313361,1300,20000,,-95,-11,19.2,,,,,,,,,,,,,,,,
20230113 17:23:38.935,31.025008,121.432293,LTE,,,,,,,,,,,6234,410,217313361,1300,20000,,-95,-12,19.2,,,,,,,,,,,,,,,,
20230113 17:23:39.285,31.024996,121.432296,LTE,,,,,,,,,,,6234,410,217313361,1300,20000,,-95,-12,19.2,,,,,,,,,,,,,,,,
20230113 17:23:40.297,31.024983,121.432298,LTE,,,,,,,,,,,6234,410,217313361,1300,20000,,-95,-12,19.2,,,,,,,,,,,,,,,,
20230113 17:23:41.134,31.024983,121.432298,LTE,,,,,,,,,,,6234,410,217313361,1300,20000,,-96,-13,19.2,,,,,,,,,,,,,,,,
20230113 17:23:41.291,31.024969,121.432293,LTE,,,,,,,,,,,6234,410,217313361,1300,20000,,-96,-13,19.2,,,,,,,,,,,,,,,,
20230113 17:23:42.291,31.024959,121.432281,LTE,,,,,,,,,,,6234,410,217313361,1300,20000,,-96,-13,19.2,,,,,,,,,,,,,,,,
20230113 17:23:43.294,31.024959,121.432281,LTE,,,,,,,,,,,6234,410,217313361,1300,20000,,-96,-13,19.2,,,,,,,,,,,,,,,,
20230113 17:23:43.333,31.024952,121.432267,LTE,,,,,,,,,,,6234,410,217313361,1300,20000,,-96,-13,19.2,,,,,,,,,,,,,,,,
20230113 17:23:43.365,31.024952,121.432267,LTE,,,,,,,,,,,6234,410,217313361,1300,20000,,-94,-11,19.2,,,,,,,,,,,,,,,,
20230113 17:23:44.279,31.024946,121.432252,LTE,,,,,,,,,,,6234,410,217313361,1300,20000,,-94,-11,19.2,,,,,,,,,,,,,,,,
20230113 17:23:45.314,31.024942,121.432237,LTE,,,,,,,,,,,6234,410,217313361,1300,20000,,-94,-11,19.2,,,,,,,,,,,,,,,,
20230113 17:23:45.503,31.024942,121.432237,LTE,,,,,,,,,,,6234,410,217313361,1300,20000,,-97,-10,19.2,,,,,,,,,,,,,,,,
20230113 17:23:46.281,31.024939,121.432221,LTE,,,,,,,,,,,6234,410,217313361,1300,20000,,-97,-10,19.2,,,,,,,,,,,,,,,,
20230113 17:23:47.282,31.024938,121.432205,LTE,,,,,,,,,,,6234,410,217313361,1300,20000,,-97,-10,19.2,,,,,,,,,,,,,,,,
20230113 17:23:47.651,31.024938,121.432205,LTE,,,,,,,,,,,6234,410,217313361,1300,20000,,-99,-11,19.2,,,,,,,,,,,,,,,,
20230113 17:23:48.349,31.024936,121.43219,LTE,,,,,,,,,,,6234,410,217313361,1300,20000,,-99,-11,19.2,,,,,,,,,,,,,,,,
20230113 17:23:49.283,31.024932,121.432175,LTE,,,,,,,,,,,6234,410,217313361,1300,20000,,-99,-11,19.2,,,,,,,,,,,,,,,,
20230113 17:23:50.288,31.024929,121.432159,LTE,,,,,,,,,,,6234,410,217313361,1300,20000,,-99,-11,19.2,,,,,,,,,,,,,,,,
20230113 17:23:51.296,31.024925,121.432144,LTE,,,,,,,,,,,6234,410,217313361,1300,20000,,-99,-11,19.2,,,,,,,,,,,,,,,,
20230113 17:23:51.531,31.024925,121.432144,LTE,,,,,,,,,,,6234,410,217313361,1300,20000,,-94,-10,19.2,,,,,,,,,,,,,,,,
20230113 17:23:51.993,31.024925,121.432144,LTE,,,,,,,,,,,6234,410,217313361,1300,20000,,-99,-11,19.2,,,,,,,,,,,,,,,,
20230113 17:23:52.303,31.02492,121.432131,LTE,,,,,,,,,,,6234,410,217313361,1300,20000,,-99,-11,19.2,,,,,,,,,,,,,,,,
20230113 17:23:53.312,31.024914,121.432119,LTE,,,,,,,,,,,6234,410,217313361,1300,20000,,-99,-11,19.2,,,,,,,,,,,,,,,,
20230113 17:23:54.140,31.024914,121.432119,LTE,,,,,,,,,,,6234,410,217313361,1300,20000,,-100,-11,19.2,,,,,,,,,,,,,,,,
20230113 17:23:54.284,31.024908,121.432105,LTE,,,,,,,,,,,6234,410,217313361,1300,20000,,-100,-11,19.2,,,,,,,,,,,,,,,,
20230113 17:23:55.304,31.024902,121.432092,LTE,,,,,,,,,,,6234,410,217313361,1300,20000,,-100,-11,19.2,,,,,,,,,,,,,,,,
20230113 17:23:56.302,31.024896,121.43208,LTE,,,,,,,,,,,6234,410,217313361,1300,20000,,-100,-11,19.2,,,,,,,,,,,,,,,,
20230113 17:23:56.327,31.024896,121.43208,LTE,,,,,,,,,,,6234,410,217313361,1300,20000,,-98,-10,19.2,,,,,,,,,,,,,,,,
20230113 17:23:57.271,31.024891,121.432066,LTE,,,,,,,,,,,6234,410,217313361,1300,20000,,-98,-10,19.2,,,,,,,,,,,,,,,,
20230113 17:23:58.289,31.024883,121.432054,LTE,,,,,,,,,,,6234,410,217313361,1300,20000,,-98,-10,19.2,,,,,,,,,,,,,,,,
20230113 17:23:58.338,31.024883,121.432054,LTE,,,,,,,,,,,6234,410,217313361,1300,20000,,-100,-10,19.2,,,,,,,,,,,,,,,,
20230113 17:23:59.290,31.024873,121.432042,LTE,,,,,,,,,,,6234,410,217313361,1300,20000,,-100,-10,19.2,,,,,,,,,,,,,,,,
20230113 17:24:00.290,31.024862,121.432036,LTE,,,,,,,,,,,6234,410,217313361,1300,20000,,-100,-10,19.2,,,,,,,,,,,,,,,,
20230113 17:24:00.330,31.024862,121.432036,LTE,,,,,,,,,,,6234,410,217313361,1300,20000,,-97,-9,19.2,,,,,,,,,,,,,,,,
20230113 17:24:01.289,31.024848,121.432035,LTE,,,,,,,,,,,6234,410,217313361,1300,20000,,-97,-9,19.2,,,,,,,,,,,,,,,,
20230113 17:24:02.344,31.024837,121.432038,LTE,,,,,,,,,,,6234,410,217313361,1300,20000,,-97,-9,19.2,,,,,,,,,,,,,,,,
20230113 17:24:03.288,31.024827,121.432047,LTE,,,,,,,,,,,6234,410,217313361,1300,20000,,-97,-9,19.2,,,,,,,,,,,,,,,,
20230113 17:24:04.296,31.024817,121.432056,LTE,,,,,,,,,,,6234,410,217313361,1300,20000,,-97,-9,19.2,,,,,,,,,,,,,,,,
20230113 17:24:05.088,31.024817,121.432056,LTE,,,,,,,,,,,6234,410,217313361,1300,20000,,-96,-8,19.2,,,,,,,,,,,,,,,,
20230113 17:24:05.288,31.024807,121.432065,LTE,,,,,,,,,,,6234,410,217313361,1300,20000,,-96,-8,19.2,,,,,,,,,,,,,,,,
20230113 17:24:06.289,31.024807,121.432065,LTE,,,,,,,,,,,6234,410,217313361,1300,20000,,-96,-8,19.2,,,,,,,,,,,,,,,,
20230113 17:24:06.317,31.024796,121.432073,LTE,,,,,,,,,,,6234,410,217313361,1300,20000,,-96,-8,19.2,,,,,,,,,,,,,,,,
20230113 17:24:06.717,31.024796,121.432073,LTE,,,,,,,,,,,6234,410,217313361,1300,20000,,-94,-13,19.2,,,,,,,,,,,,,,,,
20230113 17:24:07.304,31.024784,121.43208,LTE,,,,,,,,,,,6234,410,217313361,1300,20000,,-94,-13,19.2,,,,,,,,,,,,,,,,
20230113 17:24:07.465,31.024784,121.43208,LTE,,,,,,,,,,,6234,410,217313361,1300,20000,,-96,-13,19.2,,,,,,,,,,,,,,,,
20230113 17:24:08.281,31.024773,121.432086,LTE,,,,,,,,,,,6234,410,217313361,1300,20000,,-96,-13,19.2,,,,,,,,,,,,,,,,
20230113 17:24:09.287,31.024761,121.432093,LTE,,,,,,,,,,,6234,410,217313361,1300,20000,,-96,-13,19.2,,,,,,,,,,,,,,,,
20230113 17:24:09.583,31.024761,121.432093,LTE,,,,,,,,,,,6234,410,217313361,1300,20000,,-95,-12,19.2,,,,,,,,,,,,,,,,
20230113 17:24:10.278,31.02475,121.4321,LTE,,,,,,,,,,,6234,410,217313361,1300,20000,,-95,-12,19.2,,,,,,,,,,,,,,,,
20230113 17:24:11.361,31.024738,121.432105,LTE,,,,,,,,,,,6234,410,217313361,1300,20000,,-95,-12,19.2,,,,,,,,,,,,,,,,
20230113 17:24:11.788,31.024738,121.432105,LTE,,,,,,,,,,,6234,410,217313361,1300,20000,,-96,-11,19.2,,,,,,,,,,,,,,,,
20230113 17:24:12.291,31.024726,121.432111,LTE,,,,,,,,,,,6234,410,217313361,1300,20000,,-96,-11,19.2,,,,,,,,,,,,,,,,
20230113 17:24:13.285,31.024713,121.432113,LTE,,,,,,,,,,,6234,410,217313361,1300,20000,,-96,-11,19.2,,,,,,,,,,,,,,,,
20230113 17:24:13.959,31.024713,121.432113,LTE,,,,,,,,,,,6234,410,217313361,1300,20000,,-95,-11,19.2,,,,,,,,,,,,,,,,
20230113 17:24:14.306,31.024699,121.432113,LTE,,,,,,,,,,,6234,410,217313361,1300,20000,,-95,-11,19.2,,,,,,,,,,,,,,,,
20230113 17:24:15.313,31.024686,121.432111,LTE,,,,,,,,,,,6234,410,217313361,1300,20000,,-95,-11,19.2,,,,,,,,,,,,,,,,
20230113 17:24:16.105,31.024686,121.432111,LTE,,,,,,,,,,,6234,410,217313361,1300,20000,,-96,-12,19.2,,,,,,,,,,,,,,,,
20230113 17:24:16.271,31.024672,121.432108,LTE,,,,,,,,,,,6234,410,217313361,1300,20000,,-96,-12,19.2,,,,,,,,,,,,,,,,
20230113 17:24:17.276,31.02466,121.432102,LTE,,,,,,,,,,,6234,410,217313361,1300,20000,,-96,-12,19.2,,,,,,,,,,,,,,,,
20230113 17:24:18.046,31.02466,121.432102,LTE,,,,,,,,,,,6234,410,217313361,1300,20000,,-95,-12,19.2,,,,,,,,,,,,,,,,
20230113 17:24:18.194,31.02466,121.432102,LTE,,,,,,,,,,,6234,410,217313361,1300,20000,,-94,-11,19.2,,,,,,,,,,,,,,,,
20230113 17:24:18.286,31.024651,121.432092,LTE,,,,,,,,,,,6234,410,217313361,1300,20000,,-94,-11,19.2,,,,,,,,,,,,,,,,
20230113 17:24:19.279,31.024643,121.43208,LTE,,,,,,,,,,,6234,410,217313361,1300,20000,,-94,-11,19.2,,,,,,,,,,,,,,,,
20230113 17:24:20.262,31.024643,121.43208,LTE,,,,,,,,,,,6234,410,217313361,1300,20000,,-98,-12,19.2,,,,,,,,,,,,,,,,
20230113 17:24:20.316,31.024636,121.432067,LTE,,,,,,,,,,,6234,410,217313361,1300,20000,,-98,-12,19.2,,,,,,,,,,,,,,,,
20230113 17:24:21.287,31.024633,121.432054,LTE,,,,,,,,,,,6234,410,217313361,1300,20000,,-98,-12,19.2,,,,,,,,,,,,,,,,
20230113 17:24:21.695,31.024633,121.432054,LTE,,,,,,,,,,,6234,410,217313361,1300,20000,,-93,-9,19.2,,,,,,,,,,,,,,,,
20230113 17:24:22.302,31.024629,121.43204,LTE,,,,,,,,,,,6234,410,217313361,1300,20000,,-93,-9,19.2,,,,,,,,,,,,,,,,
20230113 17:24:22.568,31.024629,121.43204,LTE,,,,,,,,,,,6234,66,14115665,1300,20000,,-91,-7,19.2,,,,,,,,,,,,,,,,
20230113 17:24:23.296,31.024625,121.432027,LTE,,,,,,,,,,,6234,66,14115665,1300,20000,,-91,-7,19.2,,,,,,,,,,,,,,,,
20230113 17:24:24.299,31.02462,121.432014,LTE,,,,,,,,,,,6234,66,14115665,1300,20000,,-91,-7,19.2,,,,,,,,,,,,,,,,
20230113 17:24:24.754,31.02462,121.432014,LTE,,,,,,,,,,,6234,66,14115665,1300,20000,,-93,-8,19.2,,,,,,,,,,,,,,,,
20230113 17:24:25.281,31.024616,121.432001,LTE,,,,,,,,,,,6234,66,14115665,1300,20000,,-93,-8,19.2,,,,,,,,,,,,,,,,
20230113 17:24:26.277,31.024612,121.431987,LTE,,,,,,,,,,,6234,66,14115665,1300,20000,,-93,-8,19.2,,,,,,,,,,,,,,,,
20230113 17:24:26.922,31.024612,121.431987,LTE,,,,,,,,,,,6234,66,14115665,1300,20000,,-95,-9,19.2,,,,,,,,,,,,,,,,
20230113 17:24:27.277,31.024608,121.431974,LTE,,,,,,,,,,,6234,66,14115665,1300,20000,,-95,-9,19.2,,,,,,,,,,,,,,,,
20230113 17:24:28.055,31.024608,121.431974,LTE,,,,,,,,,,,6234,66,14115665,1300,20000,,-93,-10,19.2,,,,,,,,,,,,,,,,
20230113 17:24:28.313,31.024603,121.43196,LTE,,,,,,,,,,,6234,66,14115665,1300,20000,,-93,-10,19.2,,,,,,,,,,,,,,,,
20230113 17:24:29.043,31.024603,121.43196,LTE,,,,,,,,,,,6234,66,14115665,1300,20000,,-94,-12,19.2,,,,,,,,,,,,,,,,
20230113 17:24:29.285,31.0246,121.431945,LTE,,,,,,,,,,,6234,66,14115665,1300,20000,,-94,-12,19.2,,,,,,,,,,,,,,,,
20230113 17:24:30.289,31.024596,121.431931,LTE,,,,,,,,,,,6234,66,14115665,1300,20000,,-94,-12,19.2,,,,,,,,,,,,,,,,
20230113 17:24:31.193,31.024596,121.431931,LTE,,,,,,,,,,,6234,66,14115665,1300,20000,,-93,-11,19.2,,,,,,,,,,,,,,,,
20230113 17:24:31.274,31.024593,121.431916,LTE,,,,,,,,,,,6234,66,14115665,1300,20000,,-93,-11,19.2,,,,,,,,,,,,,,,,
20230113 17:24:32.297,31.024593,121.431916,LTE,,,,,,,,,,,6234,66,14115665,1300,20000,,-93,-11,19.2,,,,,,,,,,,,,,,,
20230113 17:24:32.297,31.024592,121.431902,LTE,,,,,,,,,,,6234,66,14115665,1300,20000,,-93,-11,19.2,,,,,,,,,,,,,,,,
20230113 17:24:33.335,31.024592,121.431902,LTE,,,,,,,,,,,6234,66,14115665,1300,20000,,-93,-11,19.2,,,,,,,,,,,,,,,,
20230113 17:24:33.372,31.024588,121.431888,LTE,,,,,,,,,,,6234,66,14115665,1300,20000,,-93,-11,19.2,,,,,,,,,,,,,,,,
20230113 17:24:33.404,31.024588,121.431888,LTE,,,,,,,,,,,6234,66,14115665,1300,20000,,-93,-10,19.2,,,,,,,,,,,,,,,,
20230113 17:24:34.274,31.024582,121.431875,LTE,,,,,,,,,,,6234,66,14115665,1300,20000,,-93,-10,19.2,,,,,,,,,,,,,,,,
20230113 17:24:35.278,31.024577,121.431862,LTE,,,,,,,,,,,6234,66,14115665,1300,20000,,-93,-10,19.2,,,,,,,,,,,,,,,,
20230113 17:24:35.624,31.024577,121.431862,LTE,,,,,,,,,,,6234,66,14115665,1300,20000,,-91,-8,19.2,,,,,,,,,,,,,,,,
20230113 17:24:36.304,31.024574,121.43185,LTE,,,,,,,,,,,6234,66,14115665,1300,20000,,-91,-8,19.2,,,,,,,,,,,,,,,,
20230113 17:24:36.722,31.024574,121.43185,LTE,,,,,,,,,,,6234,66,14115665,1300,20000,,-90,-8,19.2,,,,,,,,,,,,,,,,
20230113 17:24:37.288,31.024572,121.431837,LTE,,,,,,,,,,,6234,66,14115665,1300,20000,,-90,-8,19.2,,,,,,,,,,,,,,,,
20230113 17:24:37.714,31.024572,121.431837,LTE,,,,,,,,,,,6234,66,14115665,1300,20000,,-88,-8,19.2,,,,,,,,,,,,,,,,
20230113 17:24:38.296,31.024573,121.43182,LTE,,,,,,,,,,,6234,66,14115665,1300,20000,,-88,-8,19.2,,,,,,,,,,,,,,,,
20230113 17:24:39.267,31.024577,121.431805,LTE,,,,,,,,,,,6234,66,14115665,1300,20000,,-88,-8,19.2,,,,,,,,,,,,,,,,
20230113 17:24:39.717,31.024577,121.431805,LTE,,,,,,,,,,,6234,66,14115665,1300,20000,,-86,-11,19.2,,,,,,,,,,,,,,,,
20230113 17:24:39.890,31.024577,121.431805,LTE,,,,,,,,,,,6234,66,14115665,1300,20000,,-88,-10,19.2,,,,,,,,,,,,,,,,
20230113 17:24:40.284,31.024582,121.431789,LTE,,,,,,,,,,,6234,66,14115665,1300,20000,,-88,-10,19.2,,,,,,,,,,,,,,,,
20230113 17:24:41.309,31.024587,121.431774,LTE,,,,,,,,,,,6234,66,14115665,1300,20000,,-88,-10,19.2,,,,,,,,,,,,,,,,
20230113 17:24:42.025,31.024587,121.431774,LTE,,,,,,,,,,,6234,66,14115665,1300,20000,,-90,-7,19.2,,,,,,,,,,,,,,,,
20230113 17:24:42.354,31.024595,121.431762,LTE,,,,,,,,,,,6234,66,14115665,1300,20000,,-90,-7,19.2,,,,,,,,,,,,,,,,
20230113 17:24:43.085,31.024595,121.431762,LTE,,,,,,,,,,,6234,66,14115665,1300,20000,,-86,-8,19.2,,,,,,,,,,,,,,,,
20230113 17:24:43.288,31.024604,121.431754,LTE,,,,,,,,,,,6234,66,14115665,1300,20000,,-86,-8,19.2,,,,,,,,,,,,,,,,
20230113 17:24:44.187,31.024604,121.431754,LTE,,,,,,,,,,,6234,66,14115665,1300,20000,,-90,-7,19.2,,,,,,,,,,,,,,,,
20230113 17:24:44.314,31.024612,121.431745,LTE,,,,,,,,,,,6234,66,14115665,1300,20000,,-90,-7,19.2,,,,,,,,,,,,,,,,
20230113 17:24:45.296,31.024622,121.431737,LTE,,,,,,,,,,,6234,66,14115665,1300,20000,,-90,-7,19.2,,,,,,,,,,,,,,,,
20230113 17:24:46.299,31.024632,121.431728,LTE,,,,,,,,,,,6234,66,14115665,1300,20000,,-90,-7,19.2,,,,,,,,,,,,,,,,
20230113 17:24:46.331,31.024632,121.431728,LTE,,,,,,,,,,,6234,66,14115665,1300,20000,,-92,-9,19.2,,,,,,,,,,,,,,,,
20230113 17:24:47.296,31.024641,121.431719,LTE,,,,,,,,,,,6234,66,14115665,1300,20000,,-92,-9,19.2,,,,,,,,,,,,,,,,
20230113 17:24:48.286,31.02465,121.431711,LTE,,,,,,,,,,,6234,66,14115665,1300,20000,,-92,-9,19.2,,,,,,,,,,,,,,,,
20230113 17:24:48.327,31.02465,121.431711,LTE,,,,,,,,,,,6234,66,14115665,1300,20000,,-94,-8,19.2,,,,,,,,,,,,,,,,
20230113 17:24:49.278,31.024661,121.431702,LTE,,,,,,,,,,,6234,66,14115665,1300,20000,,-94,-8,19.2,,,,,,,,,,,,,,,,
20230113 17:24:50.290,31.02467,121.431693,LTE,,,,,,,,,,,6234,66,14115665,1300,20000,,-94,-8,19.2,,,,,,,,,,,,,,,,
20230113 17:24:50.857,31.02467,121.431693,LTE,,,,,,,,,,,6234,66,14115665,1300,20000,,-92,-8,19.2,,,,,,,,,,,,,,,,
20230113 17:24:51.287,31.024677,121.431682,LTE,,,,,,,,,,,6234,66,14115665,1300,20000,,-92,-8,19.2,,,,,,,,,,,,,,,,
20230113 17:24:52.314,31.024682,121.431671,LTE,,,,,,,,,,,6234,66,14115665,1300,20000,,-92,-8,19.2,,,,,,,,,,,,,,,,
20230113 17:24:53.082,31.024682,121.431671,LTE,,,,,,,,,,,6234,66,14115665,1300,20000,,-94,-8,19.2,,,,,,,,,,,,,,,,
20230113 17:24:53.305,31.024686,121.431659,LTE,,,,,,,,,,,6234,66,14115665,1300,20000,,-94,-8,19.2,,,,,,,,,,,,,,,,
20230113 17:24:54.297,31.024691,121.431647,LTE,,,,,,,,,,,6234,66,14115665,1300,20000,,-94,-8,19.2,,,,,,,,,,,,,,,,
20230113 17:24:55.293,31.024695,121.431634,LTE,,,,,,,,,,,6234,66,14115665,1300,20000,,-94,-8,19.2,,,,,,,,,,,,,,,,
20230113 17:24:55.313,31.024695,121.431634,LTE,,,,,,,,,,,6234,66,14115665,1300,20000,,-95,-8,19.2,,,,,,,,,,,,,,,,
20230113 17:24:56.349,31.024695,121.431634,LTE,,,,,,,,,,,6234,66,14115665,1300,20000,,-95,-8,19.2,,,,,,,,,,,,,,,,
20230113 17:24:56.389,31.024699,121.431622,LTE,,,,,,,,,,,6234,66,14115665,1300,20000,,-95,-8,19.2,,,,,,,,,,,,,,,,
20230113 17:24:57.266,31.024703,121.431609,LTE,,,,,,,,,,,6234,66,14115665,1300,20000,,-95,-8,19.2,,,,,,,,,,,,,,,,
20230113 17:24:57.542,31.024703,121.431609,LTE,,,,,,,,,,,6234,66,14115665,1300,20000,,-94,-9,19.2,,,,,,,,,,,,,,,,
20230113 17:24:58.272,31.024707,121.431596,LTE,,,,,,,,,,,6234,66,14115665,1300,20000,,-94,-9,19.2,,,,,,,,,,,,,,,,
20230113 17:24:59.311,31.024711,121.431582,LTE,,,,,,,,,,,6234,66,14115665,1300,20000,,-94,-9,19.2,,,,,,,,,,,,,,,,
20230113 17:24:59.641,31.024711,121.431582,LTE,,,,,,,,,,,6234,66,14115665,1300,20000,,-93,-9,19.2,,,,,,,,,,,,,,,,
20230113 17:25:00.282,31.024716,121.43157,LTE,,,,,,,,,,,6234,66,14115665,1300,20000,,-93,-9,19.2,,,,,,,,,,,,,,,,
20230113 17:25:01.291,31.02472,121.431557,LTE,,,,,,,,,,,6234,66,14115665,1300,20000,,-93,-9,19.2,,,,,,,,,,,,,,,,
20230113 17:25:01.816,31.02472,121.431557,LTE,,,,,,,,,,,6234,66,14115665,1300,20000,,-93,-10,19.2,,,,,,,,,,,,,,,,
20230113 17:25:02.277,31.024725,121.431544,LTE,,,,,,,,,,,6234,66,14115665,1300,20000,,-93,-10,19.2,,,,,,,,,,,,,,,,
20230113 17:25:03.265,31.024731,121.431532,LTE,,,,,,,,,,,6234,66,14115665,1300,20000,,-93,-10,19.2,,,,,,,,,,,,,,,,
20230113 17:25:03.949,31.024731,121.431532,LTE,,,,,,,,,,,6234,66,14115665,1300,20000,,-94,-10,19.2,,,,,,,,,,,,,,,,
20230113 17:25:04.274,31.02474,121.431523,LTE,,,,,,,,,,,6234,66,14115665,1300,20000,,-94,-10,19.2,,,,,,,,,,,,,,,,
20230113 17:25:05.290,31.024747,121.431513,LTE,,,,,,,,,,,6234,66,14115665,1300,20000,,-94,-10,19.2,,,,,,,,,,,,,,,,
20230113 17:25:06.129,31.024747,121.431513,LTE,,,,,,,,,,,6234,66,14115665,1300,20000,,-95,-9,19.2,,,,,,,,,,,,,,,,
20230113 17:25:06.295,31.024754,121.431503,LTE,,,,,,,,,,,6234,66,14115665,1300,20000,,-95,-9,19.2,,,,,,,,,,,,,,,,
20230113 17:25:07.281,31.02476,121.431491,LTE,,,,,,,,,,,6234,66,14115665,1300,20000,,-95,-9,19.2,,,,,,,,,,,,,,,,
20230113 17:25:08.293,31.02476,121.431491,LTE,,,,,,,,,,,6234,17,15186016,3590,10000,,-87,-8,19.2,,,,,,,,,,,,,,,,
20230113 17:25:08.294,31.024766,121.431478,LTE,,,,,,,,,,,6234,17,15186016,3590,10000,,-87,-8,19.2,,,,,,,,,,,,,,,,
20230113 17:25:09.350,31.024766,121.431478,LTE,,,,,,,,,,,6234,17,15186016,3590,10000,,-87,-8,19.2,,,,,,,,,,,,,,,,
20230113 17:25:09.384,31.024771,121.431466,LTE,,,,,,,,,,,6234,17,15186016,3590,10000,,-87,-8,19.2,,,,,,,,,,,,,,,,
20230113 17:25:10.298,31.024775,121.431453,LTE,,,,,,,,,,,6234,17,15186016,3590,10000,,-87,-8,19.2,,,,,,,,,,,,,,,,
20230113 17:25:10.549,31.024775,121.431453,LTE,,,,,,,,,,,6234,17,15186016,3590,10000,,-90,-7,19.2,,,,,,,,,,,,,,,,
20230113 17:25:11.289,31.024778,121.431439,LTE,,,,,,,,,,,6234,17,15186016,3590,10000,,-90,-7,19.2,,,,,,,,,,,,,,,,
20230113 17:25:12.267,31.024777,121.43142,LTE,,,,,,,,,,,6234,17,15186016,3590,10000,,-90,-7,19.2,,,,,,,,,,,,,,,,
20230113 17:25:12.739,31.024777,121.43142,LTE,,,,,,,,,,,6234,17,15186016,3590,10000,,-87,-9,19.2,,,,,,,,,,,,,,,,
20230113 17:25:13.309,31.024776,121.431404,LTE,,,,,,,,,,,6234,17,15186016,3590,10000,,-87,-9,19.2,,,,,,,,,,,,,,,,
20230113 17:25:14.282,31.024774,121.431387,LTE,,,,,,,,,,,6234,17,15186016,3590,10000,,-87,-9,19.2,,,,,,,,,,,,,,,,
20230113 17:25:14.879,31.024774,121.431387,LTE,,,,,,,,,,,6234,17,15186016,3590,10000,,-86,-8,19.2,,,,,,,,,,,,,,,,
20230113 17:25:15.299,31.024768,121.431372,LTE,,,,,,,,,,,6234,17,15186016,3590,10000,,-86,-8,19.2,,,,,,,,,,,,,,,,
20230113 17:25:16.268,31.02476,121.431359,LTE,,,,,,,,,,,6234,17,15186016,3590,10000,,-86,-8,19.2,,,,,,,,,,,,,,,,
20230113 17:25:17.020,31.02476,121.431359,LTE,,,,,,,,,,,6234,17,15186016,3590,10000,,-89,-10,19.2,,,,,,,,,,,,,,,,
20230113 17:25:17.285,31.024753,121.431345,LTE,,,,,,,,,,,6234,17,15186016,3590,10000,,-89,-10,19.2,,,,,,,,,,,,,,,,
20230113 17:25:18.100,31.024753,121.431345,LTE,,,,,,,,,,,6234,17,15186016,3590,10000,,-86,-8,19.2,,,,,,,,,,,,,,,,
20230113 17:25:18.289,31.024745,121.431331,LTE,,,,,,,,,,,6234,17,15186016,3590,10000,,-86,-8,19.2,,,,,,,,,,,,,,,,
20230113 17:25:19.168,31.024745,121.431331,LTE,,,,,,,,,,,6234,17,15186016,3590,10000,,-84,-8,19.2,,,,,,,,,,,,,,,,
20230113 17:25:19.287,31.024738,121.431319,LTE,,,,,,,,,,,6234,17,15186016,3590,10000,,-84,-8,19.2,,,,,,,,,,,,,,,,
20230113 17:25:20.292,31.024734,121.431306,LTE,,,,,,,,,,,6234,17,15186016,3590,10000,,-84,-8,19.2,,,,,,,,,,,,,,,,
20230113 17:25:21.271,31.024734,121.431292,LTE,,,,,,,,,,,6234,17,15186016,3590,10000,,-84,-8,19.2,,,,,,,,,,,,,,,,
20230113 17:25:21.327,31.024734,121.431292,LTE,,,,,,,,,,,6234,17,15186016,3590,10000,,-86,-7,19.2,,,,,,,,,,,,,,,,
20230113 17:25:22.286,31.024735,121.431278,LTE,,,,,,,,,,,6234,17,15186016,3590,10000,,-86,-7,19.2,,,,,,,,,,,,,,,,
20230113 17:25:23.290,31.024739,121.431264,LTE,,,,,,,,,,,6234,17,15186016,3590,10000,,-86,-7,19.2,,,,,,,,,,,,,,,,
20230113 17:25:23.467,31.024739,121.431264,LTE,,,,,,,,,,,6234,17,15186016,3590,10000,,-88,-8,19.2,,,,,,,,,,,,,,,,
20230113 17:25:24.274,31.024745,121.431252,LTE,,,,,,,,,,,6234,17,15186016,3590,10000,,-88,-8,19.2,,,,,,,,,,,,,,,,
20230113 17:25:25.275,31.024752,121.431241,LTE,,,,,,,,,,,6234,17,15186016,3590,10000,,-88,-8,19.2,,,,,,,,,,,,,,,,
20230113 17:25:25.623,31.024752,121.431241,LTE,,,,,,,,,,,6234,17,15186016,3590,10000,,-86,-7,19.2,,,,,,,,,,,,,,,,
20230113 17:25:26.291,31.024761,121.431233,LTE,,,,,,,,,,,6234,17,15186016,3590,10000,,-86,-7,19.2,,,,,,,,,,,,,,,,
20230113 17:25:27.289,31.024771,121.431223,LTE,,,,,,,,,,,6234,17,15186016,3590,10000,,-86,-7,19.2,,,,,,,,,,,,,,,,
20230113 17:25:27.782,31.024771,121.431223,LTE,,,,,,,,,,,6234,17,15186016,3590,10000,,-89,-7,19.2,,,,,,,,,,,,,,,,
20230113 17:25:28.282,31.024779,121.431212,LTE,,,,,,,,,,,6234,17,15186016,3590,10000,,-89,-7,19.2,,,,,,,,,,,,,,,,
20230113 17:25:29.287,31.024788,121.431201,LTE,,,,,,,,,,,6234,17,15186016,3590,10000,,-89,-7,19.2,,,,,,,,,,,,,,,,
20230113 17:25:29.900,31.024788,121.431201,LTE,,,,,,,,,,,6234,17,15186016,3590,10000,,-86,-6,19.2,,,,,,,,,,,,,,,,
20230113 17:25:30.301,31.024797,121.431192,LTE,,,,,,,,,,,6234,17,15186016,3590,10000,,-86,-6,19.2,,,,,,,,,,,,,,,,
20230113 17:25:31.271,31.024806,121.431181,LTE,,,,,,,,,,,6234,17,15186016,3590,10000,,-86,-6,19.2,,,,,,,,,,,,,,,,
20230113 17:25:32.069,31.024806,121.431181,LTE,,,,,,,,,,,6234,17,15186016,3590,10000,,-88,-7,19.2,,,,,,,,,,,,,,,,
20230113 17:25:32.315,31.024816,121.431172,LTE,,,,,,,,,,,6234,17,15186016,3590,10000,,-88,-7,19.2,,,,,,,,,,,,,,,,
20230113 17:25:33.147,31.024816,121.431172,LTE,,,,,,,,,,,6234,17,15186016,3590,10000,,-84,-8,19.2,,,,,,,,,,,,,,,,
20230113 17:25:33.283,31.024828,121.431167,LTE,,,,,,,,,,,6234,17,15186016,3590,10000,,-84,-8,19.2,,,,,,,,,,,,,,,,
20230113 17:25:34.186,31.024828,121.431167,LTE,,,,,,,,,,,6234,17,15186016,3590,10000,,-91,-7,19.2,,,,,,,,,,,,,,,,
20230113 17:25:34.303,31.024839,121.43116,LTE,,,,,,,,,,,6234,17,15186016,3590,10000,,-91,-7,19.2,,,,,,,,,,,,,,,,
20230113 17:25:35.329,31.024851,121.431153,LTE,,,,,,,,,,,6234,17,15186016,3590,10000,,-91,-7,19.2,,,,,,,,,,,,,,,,
20230113 17:25:36.292,31.024864,121.431146,LTE,,,,,,,,,,,6234,17,15186016,3590,10000,,-91,-7,19.2,,,,,,,,,,,,,,,,
20230113 17:25:36.326,31.024864,121.431146,LTE,,,,,,,,,,,6234,17,15186016,3590,10000,,-90,-6,19.2,,,,,,,,,,,,,,,,
20230113 17:25:37.336,31.024876,121.431139,LTE,,,,,,,,,,,6234,17,15186016,3590,10000,,-90,-6,19.2,,,,,,,,,,,,,,,,
20230113 17:25:38.322,31.024887,121.431131,LTE,,,,,,,,,,,6234,17,15186016,3590,10000,,-90,-6,19.2,,,,,,,,,,,,,,,,
20230113 17:25:38.550,31.024887,121.431131,LTE,,,,,,,,,,,6234,17,15186016,3590,10000,,-92,-8,19.2,,,,,,,,,,,,,,,,
20230113 17:25:39.290,31.024898,121.431123,LTE,,,,,,,,,,,6234,17,15186016,3590,10000,,-92,-8,19.2,,,,,,,,,,,,,,,,
20230113 17:25:40.293,31.02491,121.431116,LTE,,,,,,,,,,,6234,17,15186016,3590,10000,,-92,-8,19.2,,,,,,,,,,,,,,,,
20230113 17:25:40.719,31.02491,121.431116,LTE,,,,,,,,,,,6234,17,15186016,3590,10000,,-94,-7,19.2,,,,,,,,,,,,,,,,
20230113 17:25:41.286,31.024923,121.43111,LTE,,,,,,,,,,,6234,17,15186016,3590,10000,,-94,-7,19.2,,,,,,,,,,,,,,,,
20230113 17:25:42.298,31.024934,121.431107,LTE,,,,,,,,,,,6234,17,15186016,3590,10000,,-94,-7,19.2,,,,,,,,,,,,,,,,
20230113 17:25:42.911,31.024934,121.431107,LTE,,,,,,,,,,,6234,17,15186016,3590,10000,,-92,-9,19.2,,,,,,,,,,,,,,,,
20230113 17:25:43.283,31.024946,121.431102,LTE,,,,,,,,,,,6234,17,15186016,3590,10000,,-92,-9,19.2,,,,,,,,,,,,,,,,
20230113 17:25:44.314,31.024958,121.431098,LTE,,,,,,,,,,,6234,17,15186016,3590,10000,,-92,-9,19.2,,,,,,,,,,,,,,,,
20230113 17:25:45.076,31.024958,121.431098,LTE,,,,,,,,,,,6234,17,15186016,3590,10000,,-93,-7,19.2,,,,,,,,,,,,,,,,
20230113 17:25:45.312,31.024969,121.431094,LTE,,,,,,,,,,,6234,17,15186016,3590,10000,,-93,-7,19.2,,,,,,,,,,,,,,,,
20230113 17:25:46.310,31.02498,121.431091,LTE,,,,,,,,,,,6234,17,15186016,3590,10000,,-93,-7,19.2,,,,,,,,,,,,,,,,
20230113 17:25:47.217,31.02498,121.431091,LTE,,,,,,,,,,,6234,17,15186016,3590,10000,,-91,-7,19.2,,,,,,,,,,,,,,,,
20230113 17:25:47.295,31.024992,121.431089,LTE,,,,,,,,,,,6234,17,15186016,3590,10000,,-91,-7,19.2,,,,,,,,,,,,,,,,
20230113 17:25:48.271,31.025004,121.431086,LTE,,,,,,,,,,,6234,17,15186016,3590,10000,,-91,-7,19.2,,,,,,,,,,,,,,,,
20230113 17:25:49.289,31.025004,121.431086,LTE,,,,,,,,,,,6234,17,15186016,3590,10000,,-91,-7,19.2,,,,,,,,,,,,,,,,
20230113 17:25:49.328,31.025016,121.431083,LTE,,,,,,,,,,,6234,17,15186016,3590,10000,,-91,-7,19.2,,,,,,,,,,,,,,,,
20230113 17:25:49.356,31.025016,121.431083,LTE,,,,,,,,,,,6234,17,15186016,3590,10000,,-91,-10,19.2,,,,,,,,,,,,,,,,
20230113 17:25:50.269,31.025028,121.431083,LTE,,,,,,,,,,,6234,17,15186016,3590,10000,,-91,-10,19.2,,,,,,,,,,,,,,,,
20230113 17:25:51.283,31.025041,121.431084,LTE,,,,,,,,,,,6234,17,15186016,3590,10000,,-91,-10,19.2,,,,,,,,,,,,,,,,
20230113 17:25:51.546,31.025041,121.431084,LTE,,,,,,,,,,,6234,17,15186016,3590,10000,,-92,-9,19.2,,,,,,,,,,,,,,,,
20230113 17:25:52.307,31.025052,121.43109,LTE,,,,,,,,,,,6234,17,15186016,3590,10000,,-92,-9,19.2,,,,,,,,,,,,,,,,
20230113 17:25:53.287,31.025061,121.431101,LTE,,,,,,,,,,,6234,17,15186016,3590,10000,,-92,-9,19.2,,,,,,,,,,,,,,,,
20230113 17:25:53.711,31.025061,121.431101,LTE,,,,,,,,,,,6234,17,15186016,3590,10000,,-94,-10,19.2,,,,,,,,,,,,,,,,
20230113 17:25:54.281,31.025068,121.431115,LTE,,,,,,,,,,,6234,17,15186016,3590,10000,,-94,-10,19.2,,,,,,,,,,,,,,,,
20230113 17:25:55.304,31.025074,121.431127,LTE,,,,,,,,,,,6234,17,15186016,3590,10000,,-94,-10,19.2,,,,,,,,,,,,,,,,
20230113 17:25:55.840,31.025074,121.431127,LTE,,,,,,,,,,,6234,17,15186016,3590,10000,,-93,-8,19.2,,,,,,,,,,,,,,,,
20230113 17:25:56.353,31.025079,121.43114,LTE,,,,,,,,,,,6234,17,15186016,3590,10000,,-93,-8,19.2,,,,,,,,,,,,,,,,
20230113 17:25:57.271,31.025082,121.431153,LTE,,,,,,,,,,,6234,17,15186016,3590,10000,,-93,-8,19.2,,,,,,,,,,,,,,,,
20230113 17:25:57.772,31.025082,121.431153,LTE,,,,,,,,,,,6234,17,15186016,3590,10000,,-86,-10,19.2,,,,,,,,,,,,,,,,
20230113 17:25:57.846,31.025082,121.431153,LTE,,,,,,,,,,,6234,17,15186016,3590,10000,,-93,-6,19.2,,,,,,,,,,,,,,,,
20230113 17:25:58.268,31.025082,121.431167,LTE,,,,,,,,,,,6234,17,15186016,3590,10000,,-93,-6,19.2,,,,,,,,,,,,,,,,
20230113 17:25:59.270,31.025087,121.431181,LTE,,,,,,,,,,,6234,17,15186016,3590,10000,,-93,-6,19.2,,,,,,,,,,,,,,,,
20230113 17:26:00.144,31.025087,121.431181,LTE,,,,,,,,,,,6234,17,15186016,3590,10000,,-90,-6,19.2,,,,,,,,,,,,,,,,
20230113 17:26:00.271,31.025093,121.431193,LTE,,,,,,,,,,,6234,17,15186016,3590,10000,,-90,-6,19.2,,,,,,,,,,,,,,,,
20230113 17:26:01.267,31.025097,121.431206,LTE,,,,,,,,,,,6234,17,15186016,3590,10000,,-90,-6,19.2,,,,,,,,,,,,,,,,
20230113 17:26:02.305,31.025101,121.431216,LTE,,,,,,,,,,,6234,17,15186016,3590,10000,,-90,-6,19.2,,,,,,,,,,,,,,,,
20230113 17:26:03.269,31.025104,121.431229,LTE,,,,,,,,,,,6234,17,15186016,3590,10000,,-90,-6,19.2,,,,,,,,,,,,,,,,
20230113 17:26:03.748,31.025104,121.431229,LTE,,,,,,,,,,,6234,17,15186016,3590,10000,,-88,-10,19.2,,,,,,,,,,,,,,,,
20230113 17:26:04.298,31.025108,121.431242,LTE,,,,,,,,,,,6234,17,15186016,3590,10000,,-88,-10,19.2,,,,,,,,,,,,,,,,
20230113 17:26:04.478,31.025108,121.431242,LTE,,,,,,,,,,,6234,17,15186016,3590,10000,,-90,-6,19.2,,,,,,,,,,,,,,,,
20230113 17:26:05.278,31.025111,121.431254,LTE,,,,,,,,,,,6234,17,15186016,3590,10000,,-90,-6,19.2,,,,,,,,,,,,,,,,
20230113 17:26:06.286,31.025115,121.431268,LTE,,,,,,,,,,,6234,17,15186016,3590,10000,,-90,-6,19.2,,,,,,,,,,,,,,,,
20230113 17:26:06.635,31.025115,121.431268,LTE,,,,,,,,,,,6234,17,15186016,3590,10000,,-87,-6,19.2,,,,,,,,,,,,,,,,
20230113 17:26:07.282,31.02512,121.431281,LTE,,,,,,,,,,,6234,17,15186016,3590,10000,,-87,-6,19.2,,,,,,,,,,,,,,,,
20230113 17:26:08.287,31.025125,121.431294,LTE,,,,,,,,,,,6234,17,15186016,3590,10000,,-87,-6,19.2,,,,,,,,,,,,,,,,
20230113 17:26:08.788,31.025125,121.431294,LTE,,,,,,,,,,,6234,17,15186016,3590,10000,,-92,-6,19.2,,,,,,,,,,,,,,,,
20230113 17:26:09.282,31.02513,121.431308,LTE,,,,,,,,,,,6234,17,15186016,3590,10000,,-92,-6,19.2,,,,,,,,,,,,,,,,
20230113 17:26:10.285,31.025132,121.431324,LTE,,,,,,,,,,,6234,17,15186016,3590,10000,,-92,-6,19.2,,,,,,,,,,,,,,,,
20230113 17:26:10.932,31.025132,121.431324,LTE,,,,,,,,,,,6234,17,15186016,3590,10000,,-91,-6,19.2,,,,,,,,,,,,,,,,
20230113 17:26:11.286,31.025135,121.431338,LTE,,,,,,,,,,,6234,17,15186016,3590,10000,,-91,-6,19.2,,,,,,,,,,,,,,,,
20230113 17:26:12.297,31.025139,121.431353,LTE,,,,,,,,,,,6234,17,15186016,3590,10000,,-91,-6,19.2,,,,,,,,,,,,,,,,
20230113 17:26:13.131,31.025139,121.431353,LTE,,,,,,,,,,,6234,17,15186016,3590,10000,,-88,-6,19.2,,,,,,,,,,,,,,,,
20230113 17:26:13.278,31.02514,121.431367,LTE,,,,,,,,,,,6234,17,15186016,3590,10000,,-88,-6,19.2,,,,,,,,,,,,,,,,
20230113 17:26:14.289,31.025143,121.431381,LTE,,,,,,,,,,,6234,17,15186016,3590,10000,,-88,-6,19.2,,,,,,,,,,,,,,,,
20230113 17:26:15.300,31.025147,121.431395,LTE,,,,,,,,,,,6234,17,15186016,3590,10000,,-88,-6,19.2,,,,,,,,,,,,,,,,
20230113 17:26:15.301,31.025147,121.431395,LTE,,,,,,,,,,,6234,17,15186016,3590,10000,,-90,-6,19.2,,,,,,,,,,,,,,,,
20230113 17:26:16.354,31.025147,121.431395,LTE,,,,,,,,,,,6234,17,15186016,3590,10000,,-90,-6,19.2,,,,,,,,,,,,,,,,
20230113 17:26:16.390,31.025149,121.431408,LTE,,,,,,,,,,,6234,17,15186016,3590,10000,,-90,-6,19.2,,,,,,,,,,,,,,,,
20230113 17:26:17.290,31.025152,121.431422,LTE,,,,,,,,,,,6234,17,15186016,3590,10000,,-90,-6,19.2,,,,,,,,,,,,,,,,
20230113 17:26:17.332,31.025152,121.431422,LTE,,,,,,,,,,,6234,17,15186016,3590,10000,,-88,-6,19.2,,,,,,,,,,,,,,,,
20230113 17:26:18.313,31.025156,121.431434,LTE,,,,,,,,,,,6234,17,15186016,3590,10000,,-88,-6,19.2,,,,,,,,,,,,,,,,
20230113 17:26:19.307,31.02516,121.431446,LTE,,,,,,,,,,,6234,17,15186016,3590,10000,,-88,-6,19.2,,,,,,,,,,,,,,,,
20230113 17:26:19.823,31.02516,121.431446,LTE,,,,,,,,,,,6234,17,15186016,3590,10000,,-89,-6,19.2,,,,,,,,,,,,,,,,
20230113 17:26:20.301,31.02516,121.431456,LTE,,,,,,,,,,,6234,17,15186016,3590,10000,,-89,-6,19.2,,,,,,,,,,,,,,,,
20230113 17:26:21.283,31.02516,121.431467,LTE,,,,,,,,,,,6234,17,15186016,3590,10000,,-89,-6,19.2,,,,,,,,,,,,,,,,
20230113 17:26:22.011,31.02516,121.431467,LTE,,,,,,,,,,,6234,17,15186016,3590,10000,,-89,-7,19.2,,,,,,,,,,,,,,,,
20230113 17:26:22.316,31.025161,121.431468,LTE,,,,,,,,,,,6234,17,15186016,3590,10000,,-89,-7,19.2,,,,,,,,,,,,,,,,
20230113 17:26:23.296,31.025159,121.431471,LTE,,,,,,,,,,,6234,17,15186016,3590,10000,,-89,-7,19.2,,,,,,,,,,,,,,,,
20230113 17:26:24.207,31.025159,121.431471,LTE,,,,,,,,,,,6234,17,15186016,3590,10000,,-88,-7,19.2,,,,,,,,,,,,,,,,
20230113 17:26:24.241,31.025159,121.431471,LTE,,,,,,,,,,,6234,17,15186016,3590,10000,,-92,-6,19.2,,,,,,,,,,,,,,,,
20230113 17:26:24.291,31.025157,121.431474,LTE,,,,,,,,,,,6234,17,15186016,3590,10000,,-92,-6,19.2,,,,,,,,,,,,,,,,
20230113 17:26:25.282,31.025156,121.431473,LTE,,,,,,,,,,,6234,17,15186016,3590,10000,,-92,-6,19.2,,,,,,,,,,,,,,,,
20230113 17:26:26.267,31.025156,121.431473,LTE,,,,,,,,,,,6234,17,15186016,3590,10000,,-92,-6,19.2,,,,,,,,,,,,,,,,
20230113 17:26:26.286,31.025156,121.431473,LTE,,,,,,,,,,,6234,17,15186016,3590,10000,,-94,-7,19.2,,,,,,,,,,,,,,,,
20230113 17:26:27.261,31.025156,121.431473,LTE,,,,,,,,,,,6234,17,15186016,3590,10000,,-94,-7,19.2,,,,,,,,,,,,,,,,
20230113 17:26:28.303,31.025156,121.431473,LTE,,,,,,,,,,,6234,17,15186016,3590,10000,,-94,-7,19.2,,,,,,,,,,,,,,,,
20230113 17:26:28.525,31.025156,121.431473,LTE,,,,,,,,,,,6234,17,15186016,3590,10000,,-90,-6,19.2,,,,,,,,,,,,,,,,
20230113 17:26:29.326,31.025156,121.431473,LTE,,,,,,,,,,,6234,17,15186016,3590,10000,,-90,-6,19.2,,,,,,,,,,,,,,,,
20230113 17:26:30.258,31.025156,121.431473,LTE,,,,,,,,,,,6234,17,15186016,3590,10000,,-90,-6,19.2,,,,,,,,,,,,,,,,
20230113 17:26:30.634,31.025156,121.431473,LTE,,,,,,,,,,,6234,17,15186016,3590,10000,,-88,-6,19.2,,,,,,,,,,,,,,,,
20230113 17:26:31.268,31.025156,121.431473,LTE,,,,,,,,,,,6234,17,15186016,3590,10000,,-88,-6,19.2,,,,,,,,,,,,,,,,
20230113 17:26:32.253,31.025156,121.431473,LTE,,,,,,,,,,,6234,17,15186016,3590,10000,,-88,-6,19.2,,,,,,,,,,,,,,,,
20230113 17:26:33.253,31.025157,121.431473,LTE,,,,,,,,,,,6234,17,15186016,3590,10000,,-88,-6,19.2,,,,,,,,,,,,,,,,
20230113 17:26:33.754,31.025157,121.431473,LTE,,,,,,,,,,,6234,17,15186016,3590,10000,,-87,-7,19.2,,,,,,,,,,,,,,,,
20230113 17:26:34.246,31.025157,121.431472,LTE,,,,,,,,,,,6234,17,15186016,3590,10000,,-87,-7,19.2,,,,,,,,,,,,,,,,
20230113 17:26:34.756,31.025157,121.431472,LTE,,,,,,,,,,,6234,17,15186016,3590,10000,,-89,-6,19.2,,,,,,,,,,,,,,,,
20230113 17:26:35.259,31.025157,121.431472,LTE,,,,,,,,,,,6234,17,15186016,3590,10000,,-89,-6,19.2,,,,,,,,,,,,,,,,
20230113 17:26:36.272,31.025157,121.431472,LTE,,,,,,,,,,,6234,17,15186016,3590,10000,,-89,-6,19.2,,,,,,,,,,,,,,,,
20230113 17:26:37.272,31.025157,121.431472,LTE,,,,,,,,,,,6234,17,15186016,3590,10000,,-89,-6,19.2,,,,,,,,,,,,,,,,
20230113 17:26:38.287,31.025157,121.431472,LTE,,,,,,,,,,,6234,17,15186016,3590,10000,,-89,-6,19.2,,,,,,,,,,,,,,,,
20230113 17:26:39.246,31.025157,121.431472,LTE,,,,,,,,,,,6234,17,15186016,3590,10000,,-89,-6,19.2,,,,,,,,,,,,,,,,
20230113 17:26:40.257,31.025157,121.431472,LTE,,,,,,,,,,,6234,17,15186016,3590,10000,,-89,-6,19.2,,,,,,,,,,,,,,,,
20230113 17:26:41.199,31.025157,121.431472,LTE,,,,,,,,,,,6234,17,15186016,3590,10000,,-88,-7,19.2,,,,,,,,,,,,,,,,
20230113 17:26:41.267,31.025158,121.431472,LTE,,,,,,,,,,,6234,17,15186016,3590,10000,,-88,-7,19.2,,,,,,,,,,,,,,,,
20230113 17:26:42.291,31.025158,121.431472,LTE,,,,,,,,,,,6234,17,15186016,3590,10000,,-88,-7,19.2,,,,,,,,,,,,,,,,
20230113 17:26:43.267,31.025158,121.431472,LTE,,,,,,,,,,,6234,17,15186016,3590,10000,,-88,-7,19.2,,,,,,,,,,,,,,,,
20230113 17:26:43.384,31.025158,121.431472,LTE,,,,,,,,,,,6234,17,15186016,3590,10000,,-95,-7,19.2,,,,,,,,,,,,,,,,
20230113 17:26:44.278,31.025158,121.431472,LTE,,,,,,,,,,,6234,17,15186016,3590,10000,,-95,-7,19.2,,,,,,,,,,,,,,,,
20230113 17:26:45.263,31.025158,121.431472,LTE,,,,,,,,,,,6234,17,15186016,3590,10000,,-95,-7,19.2,,,,,,,,,,,,,,,,
20230113 17:26:45.454,31.025158,121.431472,LTE,,,,,,,,,,,6234,17,15186016,3590,10000,,-94,-7,19.2,,,,,,,,,,,,,,,,
20230113 17:26:46.251,31.025158,121.431472,LTE,,,,,,,,,,,6234,17,15186016,3590,10000,,-94,-7,19.2,,,,,,,,,,,,,,,,
20230113 17:26:47.257,31.025158,121.431472,LTE,,,,,,,,,,,6234,17,15186016,3590,10000,,-94,-7,19.2,,,,,,,,,,,,,,,,
20230113 17:26:47.527,31.025158,121.431472,LTE,,,,,,,,,,,6234,17,15186016,3590,10000,,-88,-6,19.2,,,,,,,,,,,,,,,,
20230113 17:26:48.269,31.025158,121.431472,LTE,,,,,,,,,,,6234,17,15186016,3590,10000,,-88,-6,19.2,,,,,,,,,,,,,,,,
20230113 17:26:49.259,31.025158,121.431472,LTE,,,,,,,,,,,6234,17,15186016,3590,10000,,-88,-6,19.2,,,,,,,,,,,,,,,,
20230113 17:26:49.647,31.025158,121.431472,LTE,,,,,,,,,,,6234,17,15186016,3590,10000,,-90,-6,19.2,,,,,,,,,,,,,,,,
20230113 17:26:50.258,31.025158,121.431472,LTE,,,,,,,,,,,6234,17,15186016,3590,10000,,-90,-6,19.2,,,,,,,,,,,,,,,,
20230113 17:26:51.264,31.025158,121.431472,LTE,,,,,,,,,,,6234,17,15186016,3590,10000,,-90,-6,19.2,,,,,,,,,,,,,,,,
20230113 17:26:52.266,31.025158,121.431472,LTE,,,,,,,,,,,6234,17,15186016,3590,10000,,-90,-6,19.2,,,,,,,,,,,,,,,,
20230113 17:26:53.258,31.025158,121.431472,LTE,,,,,,,,,,,6234,17,15186016,3590,10000,,-90,-6,19.2,,,,,,,,,,,,,,,,
20230113 17:26:54.024,31.025158,121.431472,LTE,,,,,,,,,,,6234,17,15186016,3590,10000,,-90,-7,19.2,,,,,,,,,,,,,,,,
20230113 17:26:54.262,31.025158,121.431472,LTE,,,,,,,,,,,6234,17,15186016,3590,10000,,-90,-7,19.2,,,,,,,,,,,,,,,,
20230113 17:26:55.242,31.025158,121.431472,LTE,,,,,,,,,,,6234,17,15186016,3590,10000,,-90,-7,19.2,,,,,,,,,,,,,,,,
20230113 17:26:56.258,31.025158,121.431472,LTE,,,,,,,,,,,6234,17,15186016,3590,10000,,-90,-7,19.2,,,,,,,,,,,,,,,,
20230113 17:26:56.280,31.025158,121.431472,LTE,,,,,,,,,,,6234,17,15186016,3590,10000,,-90,-6,19.2,,,,,,,,,,,,,,,,
20230113 17:26:57.388,31.025158,121.431472,LTE,,,,,,,,,,,6234,17,15186016,3590,10000,,-90,-6,19.2,,,,,,,,,,,,,,,,
20230113 17:26:58.237,31.025158,121.431472,LTE,,,,,,,,,,,6234,17,15186016,3590,10000,,-90,-6,19.2,,,,,,,,,,,,,,,,
20230113 17:26:58.370,31.025158,121.431472,LTE,,,,,,,,,,,6234,17,15186016,3590,10000,,-90,-7,19.2,,,,,,,,,,,,,,,,
20230113 17:26:59.240,31.025158,121.431472,LTE,,,,,,,,,,,6234,17,15186016,3590,10000,,-90,-7,19.2,,,,,,,,,,,,,,,,
20230113 17:27:00.251,31.025158,121.431472,LTE,,,,,,,,,,,6234,17,15186016,3590,10000,,-90,-7,19.2,,,,,,,,,,,,,,,,
20230113 17:27:01.256,31.025158,121.431472,LTE,,,,,,,,,,,6234,17,15186016,3590,10000,,-90,-7,19.2,,,,,,,,,,,,,,,,
20230113 17:27:02.250,31.025158,121.431472,LTE,,,,,,,,,,,6234,17,15186016,3590,10000,,-90,-7,19.2,,,,,,,,,,,,,,,,
20230113 17:27:03.247,31.025158,121.431472,LTE,,,,,,,,,,,6234,17,15186016,3590,10000,,-90,-7,19.2,,,,,,,,,,,,,,,,
20230113 17:27:04.257,31.025158,121.431472,LTE,,,,,,,,,,,6234,17,15186016,3590,10000,,-90,-7,19.2,,,,,,,,,,,,,,,,
20230113 17:27:04.647,31.025158,121.431472,LTE,,,,,,,,,,,6234,17,15186016,3590,10000,,-89,-7,19.2,,,,,,,,,,,,,,,,
20230113 17:27:05.243,31.025158,121.431472,LTE,,,,,,,,,,,6234,17,15186016,3590,10000,,-89,-7,19.2,,,,,,,,,,,,,,,,
20230113 17:27:06.260,31.025158,121.431472,LTE,,,,,,,,,,,6234,17,15186016,3590,10000,,-89,-7,19.2,,,,,,,,,,,,,,,,
20230113 17:27:06.705,31.025158,121.431472,LTE,,,,,,,,,,,6234,17,15186016,3590,10000,,-91,-7,19.2,,,,,,,,,,,,,,,,
20230113 17:27:07.273,31.025158,121.431472,LTE,,,,,,,,,,,6234,17,15186016,3590,10000,,-91,-7,19.2,,,,,,,,,,,,,,,,
20230113 17:27:08.267,31.025158,121.431473,LTE,,,,,,,,,,,6234,17,15186016,3590,10000,,-91,-7,19.2,,,,,,,,,,,,,,,,
20230113 17:27:08.951,31.025158,121.431473,LTE,,,,,,,,,,,6234,17,15186016,3590,10000,,-88,-9,19.2,,,,,,,,,,,,,,,,
20230113 17:27:09.274,31.025158,121.431472,LTE,,,,,,,,,,,6234,17,15186016,3590,10000,,-88,-9,19.2,,,,,,,,,,,,,,,,
20230113 17:27:10.291,31.025158,121.431472,LTE,,,,,,,,,,,6234,17,15186016,3590,10000,,-88,-9,19.2,,,,,,,,,,,,,,,,
20230113 17:27:11.182,31.025158,121.431472,LTE,,,,,,,,,,,6234,17,15186016,3590,10000,,-91,-9,19.2,,,,,,,,,,,,,,,,
20230113 17:27:11.269,31.025158,121.431472,LTE,,,,,,,,,,,6234,17,15186016,3590,10000,,-91,-9,19.2,,,,,,,,,,,,,,,,
20230113 17:27:12.300,31.025158,121.431472,LTE,,,,,,,,,,,6234,17,15186016,3590,10000,,-91,-9,19.2,,,,,,,,,,,,,,,,
20230113 17:27:12.309,31.025158,121.431472,LTE,,,,,,,,,,,6234,17,15186016,3590,10000,,-91,-9,19.2,,,,,,,,,,,,,,,,
